branch,path,lines_added_vs_main,lines_removed_vs_main,total_lines_branch
arena/019fe8fa-pro-v1,RED_Ultimate_V1-main/RED_Ultimate/backend-server/src/main/kotlin/com/red/server/admin/controller/AdminV2Controller.kt,684,694,684
arena/019fe8fa-pro-v1,RED_Ultimate_V1-main/RED_Ultimate/backend-server/src/main/kotlin/com/red/server/admin/service/AdminService.kt,333,331,333
arena/019fe8fa-pro-v1,RED_Ultimate_V1-main/RED_Ultimate/backend-server/src/main/kotlin/com/red/server/websocket/LiveStreamWebSocketHandler.kt,101,267,102
arena/019fe8fa-pro-v1,RED_Ultimate_V1-main/RED_Ultimate/backend-server/src/main/kotlin/com/red/server/auth/security/JwtService.kt,82,99,82
arena/019fe8fa-pro-v1,RED_Ultimate_V1-main/RED_Ultimate/backend-server/src/main/kotlin/com/red/server/websocket/RedMasterHandler.kt,27,105,159
arena/019fe8fa-pro-v1,RED_Ultimate_V1-main/RED_Ultimate/backend-server/src/main/kotlin/com/red/server/admin/service/ContentService.kt,12,64,338
arena/019fe8fa-pro-v1,RED_Ultimate_V1-main/RED_Ultimate/backend-server/src/main/kotlin/com/red/server/media/MediaService.kt,10,3,253
arena/019fe8fa-pro-v1,RED_Ultimate_V1-main/RED_Ultimate/backend-server/src/main/kotlin/com/red/server/media/MediaSecurityScanner.kt,9,14,152
arena/019fe8fa-pro-v1,RED_Ultimate_V1-main/RED_Ultimate/backend-server/src/main/kotlin/com/red/server/auth/model/UserAccount.kt,6,29,92
arena/019fe8fa-pro-v1,RED_Ultimate_V1-main/RED_Ultimate/backend-server/src/main/kotlin/com/red/server/services/AdminUserIntelligenceService.kt,4,10,118
arena/019fe9e3-pro-v1,RED_Ultimate_V1-main/RED_Ultimate/backend-server/src/main/kotlin/com/red/server/admin/controller/AdminV2Controller.kt,690,694,690
arena/019fe9e3-pro-v1,RED_Ultimate_V1-main/RED_Ultimate/backend-server/src/main/kotlin/com/red/server/admin/service/AdminService.kt,333,331,333
arena/019fe9e3-pro-v1,RED_Ultimate_V1-main/RED_Ultimate/red-app/build.gradle.kts,129,200,129
arena/019fe9e3-pro-v1,RED_Ultimate_V1-main/RED_Ultimate/red-app/src/main/java/com/red/sovereign/core/database/RedDao.kt,111,197,111
arena/019fe9e3-pro-v1,RED_Ultimate_V1-main/RED_Ultimate/backend-server/src/main/kotlin/com/red/server/websocket/LiveStreamWebSocketHandler.kt,105,267,106
arena/019fe9e3-pro-v1,RED_Ultimate_V1-main/RED_Ultimate/red-app/src/main/AndroidManifest.xml,101,160,103
arena/019fe9e3-pro-v1,RED_Ultimate_V1-main/RED_Ultimate/backend-server/src/main/kotlin/com/red/server/auth/security/JwtService.kt,82,99,82
arena/019fe9e3-pro-v1,RED_Ultimate_V1-main/RED_Ultimate/red-app/src/main/java/com/red/sovereign/calls/YounesCallService.kt,80,782,504
arena/019fe9e3-pro-v1,RED_Ultimate_V1-main/RED_Ultimate/docker-compose.yml,74,236,307
arena/019fe9e3-pro-v1,RED_Ultimate_V1-main/RED_Ultimate/backend-server/src/main/kotlin/com/red/server/database/SovereignMongoDocuments.kt,59,30,498
arena/019fe9e3-pro-v1,RED_Ultimate_V1-main/RED_Ultimate/backend-server/src/main/kotlin/com/red/server/social/UserStatusService.kt,55,131,194
arena/019fe9e3-pro-v1,RED_Ultimate_V1-main/RED_Ultimate/backend-server/src/main/kotlin/com/red/server/media/MediaService.kt,43,29,260
arena/019fe9e3-pro-v1,RED_Ultimate_V1-main/RED_Ultimate/backend-server/Dockerfile,42,52,59
arena/019fe9e3-pro-v1,RED_Ultimate_V1-main/RED_Ultimate/red-app/src/main/java/com/red/sovereign/auth/AuthViewModel.kt,30,298,200
arena/019fe9e3-pro-v1,RED_Ultimate_V1-main/RED_Ultimate/backend-server/src/main/kotlin/com/red/server/social/CommunitiesController.kt,28,28,412
arena/019fe9e3-pro-v1,RED_Ultimate_V1-main/RED_Ultimate/backend-server/src/main/kotlin/com/red/server/websocket/RedMasterHandler.kt,25,63,199
arena/019fe9e3-pro-v1,RED_Ultimate_V1-main/RED_Ultimate/backend-server/src/main/kotlin/com/red/server/social/StatusController.kt,22,16,111
arena/019fe9e3-pro-v1,RED_Ultimate_V1-main/RED_Ultimate/backend-server/src/main/kotlin/com/red/server/pstn/PstnCallService.kt,21,243,100
arena/019fe9e3-pro-v1,RED_Ultimate_V1-main/RED_Ultimate/gradle/libs.versions.toml,18,37,248
arena/019fe9e3-pro-v1,RED_Ultimate_V1-main/RED_Ultimate/red-app/src/main/java/com/red/sovereign/settings/SettingsScreen.kt,16,170,266
arena/019fe9e3-pro-v1,RED_Ultimate_V1-main/RED_Ultimate/backend-server/src/main/resources/master-schema.sql,15,7,190
arena/019fe9e3-pro-v1,RED_Ultimate_V1-main/RED_Ultimate/settings.gradle.kts,11,73,64
arena/019fe9e3-pro-v1,RED_Ultimate_V1-main/RED_Ultimate/backend-server/src/main/kotlin/com/red/server/media/MediaSecurityScanner.kt,9,14,152
arena/019fe9e3-pro-v1,RED_Ultimate_V1-main/RED_Ultimate/backend-server/src/main/kotlin/com/red/server/admin/service/ContentService.kt,8,11,387
arena/019fe9e3-pro-v1,RED_Ultimate_V1-main/RED_Ultimate/backend-server/src/main/kotlin/com/red/server/messaging/MessageService.kt,6,42,212
arena/019fe9e3-pro-v1,RED_Ultimate_V1-main/RED_Ultimate/backend-server/src/main/kotlin/com/red/server/services/AdminUserIntelligenceService.kt,5,11,118
arena/019fe9e3-pro-v1,RED_Ultimate_V1-main/RED_Ultimate/gradle/wrapper/gradle-wrapper.properties,5,5,5
arena/019fe9e3-pro-v1,RED_Ultimate_V1-main/RED_Ultimate/gradle.properties,5,48,14
arena/019fe9e3-pro-v1,RED_Ultimate_V1-main/RED_Ultimate/backend-server/src/main/kotlin/com/red/server/admin/controller/ContentController.kt,4,3,444
arena/019fe9e3-pro-v1,RED_Ultimate_V1-main/RED_Ultimate/backend-server/src/main/kotlin/com/red/server/messaging/DeleteService.kt,1,3,19
arena/019ff019-pro-v1,RED_Ultimate_V1-main/RED_Ultimate/backend-server/src/main/kotlin/com/red/server/admin/controller/AdminV2Controller.kt,663,694,663
arena/019ff019-pro-v1,RED_Ultimate_V1-main/RED_Ultimate/backend-server/src/main/kotlin/com/red/server/pstn/PstnCallService.kt,18,245,95
arena/019ff019-pro-v1,RED_Ultimate_V1-main/RED_Ultimate/backend-server/src/main/resources/master-schema.sql,15,7,190
arena/019ff019-pro-v1,RED_Ultimate_V1-main/RED_Ultimate/backend-server/src/main/kotlin/com/red/server/admin/controller/ContentController.kt,14,86,371
arena/019ff237-pro-v1,RED_Ultimate_V1-main/RED_Ultimate/backend-server/src/main/kotlin/com/red/server/admin/service/AdminService.kt,472,331,472
arena/019ff237-pro-v1,RED_Ultimate_V1-main/RED_Ultimate/backend-server/build.gradle.kts,3,7,91
arena/019ff237-pro-v1,RED_Ultimate_V1-main/RED_Ultimate/backend-server/src/main/kotlin/com/red/server/config/SecurityConfig.kt,3,28,169
arena/019ffe92-pro-v1,RED_Ultimate_V1-main/RED_Ultimate/backend-server/src/main/kotlin/com/red/server/services/DinstarHardwareService.kt,106,324,681
arena/019ffe92-pro-v1,RED_Ultimate_V1-main/RED_Ultimate/backend-server/src/main/kotlin/com/red/server/controllers/HealthController.kt,73,80,195
arena/019ffe92-pro-v1,RED_Ultimate_V1-main/RED_Ultimate/backend-server/src/main/kotlin/com/red/server/services/DinstarApiService.kt,45,32,380
arena/019ffe92-pro-v1,RED_Ultimate_V1-main/RED_Ultimate/backend-server/src/main/kotlin/com/red/server/controllers/DinstarFleetController.kt,43,36,244
arena/019ffe92-pro-v1,RED_Ultimate_V1-main/RED_Ultimate/backend-server/src/main/resources/application.yml,21,25,165
arena/019ffe92-pro-v1,RED_Ultimate_V1-main/RED_Ultimate/backend-server/src/main/kotlin/com/red/server/services/DinstarFleetService.kt,14,5,553
arena/019ffe92-pro-v1,RED_Ultimate_V1-main/RED_Ultimate/docker-compose.yml,14,7,476
arena/019ffe92-pro-v1,RED_Ultimate_V1-main/RED_Ultimate/admin_dashboard/src/pages/CdrAnalysis.tsx,10,9,382
arena/019ffe92-pro-v1,RED_Ultimate_V1-main/RED_Ultimate/backend-server/build.gradle.kts,6,5,96
arena/019ffe92-pro-v1,RED_Ultimate_V1-main/RED_Ultimate/media-sfu/Dockerfile,6,5,42
arena/019ffe92-pro-v1,RED_Ultimate_V1-main/RED_Ultimate/backend-server/src/main/kotlin/com/red/server/websocket/DinstarWebSocketHandler.kt,5,34,214
arena/019ffe92-pro-v1,.gitattributes,3,0,6
arena/019ffe92-pro-v1,RED_Ultimate_V1-main/RED_Ultimate/admin_dashboard/src/pages/SmsTemplates.tsx,3,3,586
arena/019ffece-pro-v1,RED_Ultimate_V1-main/RED_Ultimate/red-app/src/main/java/com/red/sovereign/ui/RedDashboard.kt,3623,3961,3623
arena/019ffece-pro-v1,RED_Ultimate_V1-main/RED_Ultimate/backend-server/src/main/kotlin/com/red/server/websocket/LiveStreamWebSocketHandler.kt,259,266,261
arena/019ffece-pro-v1,RED_Ultimate_V1-main/RED_Ultimate/red-app/src/main/java/com/red/sovereign/core/RedConnectionService.kt,210,175,655
arena/019ffece-pro-v1,RED_Ultimate_V1-main/RED_Ultimate/red-app/src/main/AndroidManifest.xml,115,160,117
arena/019ffece-pro-v1,RED_Ultimate_V1-main/RED_Ultimate/backend-server/src/test/kotlin/com/red/server/websocket/LiveStreamWebSocketHandlerTest.kt,111,113,114
arena/019ffece-pro-v1,RED_Ultimate_V1-main/RED_Ultimate/red-app/src/main/java/com/red/sovereign/core/RedWebSocketClient.kt,106,42,159
arena/019ffece-pro-v1,RED_Ultimate_V1-main/RED_Ultimate/backend-server/src/main/kotlin/com/red/server/auth/security/JwtService.kt,95,99,95
arena/019ffece-pro-v1,RED_Ultimate_V1-main/RED_Ultimate/backend-server/src/test/kotlin/com/red/server/LiveStreamServiceTest.kt,80,120,90
arena/019ffece-pro-v1,RED_Ultimate_V1-main/RED_Ultimate/media-sfu/server.js,70,390,244
arena/019ffece-pro-v1,RED_Ultimate_V1-main/RED_Ultimate/red-app/src/main/java/com/red/sovereign/MainActivity.kt,64,88,195
arena/019ffece-pro-v1,RED_Ultimate_V1-main/RED_Ultimate/backend-server/src/main/kotlin/com/red/server/api/admin/RedMasterController.kt,56,264,56
arena/019ffece-pro-v1,RED_Ultimate_V1-main/RED_Ultimate/backend-server/src/main/kotlin/com/red/server/services/DinstarApiService.kt,55,29,393
arena/019ffece-pro-v1,RED_Ultimate_V1-main/RED_Ultimate/backend-server/src/main/kotlin/com/red/server/controllers/CdrAnalysisController.kt,52,57,68
arena/019ffece-pro-v1,RED_Ultimate_V1-main/RED_Ultimate/backend-server/src/main/kotlin/com/red/server/websocket/ConferenceWebSocketHandler.kt,49,146,249
arena/019ffece-pro-v1,RED_Ultimate_V1-main/RED_Ultimate/backend-server/src/main/kotlin/com/red/server/services/RedSecurityService.kt,45,31,66
arena/019ffece-pro-v1,RED_Ultimate_V1-main/RED_Ultimate/backend-server/src/main/kotlin/com/red/server/websocket/WebSocketConfig.kt,41,79,69
arena/019ffece-pro-v1,RED_Ultimate_V1-main/RED_Ultimate/docker-compose.yml,39,25,483
arena/019ffece-pro-v1,RED_Ultimate_V1-main/RED_Ultimate/scripts/check-infrastructure.py,37,31,167
arena/019ffece-pro-v1,RED_Ultimate_V1-main/RED_Ultimate/red-app/src/main/java/com/red/sovereign/calls/ConferenceService.kt,36,257,647
arena/019ffece-pro-v1,RED_Ultimate_V1-main/RED_Ultimate/backend-server/src/main/kotlin/com/red/server/calls/SfuTicketController.kt,32,43,95
arena/019ffece-pro-v1,RED_Ultimate_V1-main/RED_Ultimate/backend-server/src/main/kotlin/com/red/server/websocket/RedMasterHandler.kt,30,85,182
arena/019ffece-pro-v1,RED_Ultimate_V1-main/RED_Ultimate/red-app/src/main/java/com/red/sovereign/features/dinstar/DinstarWebSocketBridge.kt,26,18,122
arena/019ffece-pro-v1,RED_Ultimate_V1-main/RED_Ultimate/backend-server/src/main/kotlin/com/red/server/websocket/DinstarWebSocketHandler.kt,23,33,233
arena/019ffece-pro-v1,RED_Ultimate_V1-main/RED_Ultimate/red-app/src/main/java/com/red/sovereign/calls/LiveStreamService.kt,23,117,612
arena/019ffece-pro-v1,RED_Ultimate_V1-main/RED_Ultimate/backend-server/src/main/resources/application.yml,20,26,163
arena/019ffece-pro-v1,RED_Ultimate_V1-main/RED_Ultimate/backend-server/src/test/kotlin/com/red/server/websocket/ConferenceWebSocketHandlerTest.kt,20,141,120
arena/019ffece-pro-v1,RED_Ultimate_V1-main/RED_Ultimate/backend-server/src/main/kotlin/com/red/server/pstn/PstnCallService.kt,19,249,92
arena/019ffece-pro-v1,RED_Ultimate_V1-main/RED_Ultimate/scripts/check-android-integrity.py,19,64,448
arena/019ffece-pro-v1,RED_Ultimate_V1-main/RED_Ultimate/.env.example,18,33,76
arena/019ffece-pro-v1,RED_Ultimate_V1-main/RED_Ultimate/backend-server/src/main/kotlin/com/red/server/calls/ConferenceController.kt,17,48,308
arena/019ffece-pro-v1,RED_Ultimate_V1-main/RED_Ultimate/admin_dashboard/package-lock.json,17,7,2966
arena/019ffece-pro-v1,RED_Ultimate_V1-main/RED_Ultimate/backend-server/src/main/kotlin/com/red/server/social/PostModels.kt,17,53,132
arena/019ffece-pro-v1,RED_Ultimate_V1-main/RED_Ultimate/backend-server/src/main/kotlin/com/red/server/services/AdminUserIntelligenceService.kt,13,9,128
arena/019ffece-pro-v1,RED_Ultimate_V1-main/RED_Ultimate/admin_dashboard/src/pages/CdrAnalysis.tsx,11,11,381
arena/019ffece-pro-v1,RED_Ultimate_V1-main/RED_Ultimate/red-app/src/main/java/com/red/sovereign/calls/CallUiKit.kt,11,27,200
arena/019ffece-pro-v1,RED_Ultimate_V1-main/RED_Ultimate/backend-server/src/main/kotlin/com/red/server/calls/LiveStreamService.kt,8,47,130
arena/019ffece-pro-v1,RED_Ultimate_V1-main/RED_Ultimate/backend-server/src/main/kotlin/com/red/server/controllers/AdminController.kt,8,4,83
arena/019ffece-pro-v1,RED_Ultimate_V1-main/RED_Ultimate/backend-server/src/main/kotlin/com/red/server/config/SecurityConfig.kt,6,24,176
arena/019ffece-pro-v1,RED_Ultimate_V1-main/RED_Ultimate/backend-server/src/main/kotlin/com/red/server/controllers/AdminUserIntelligenceController.kt,4,8,46
arena/019ffece-pro-v1,RED_Ultimate_V1-main/RED_Ultimate/backend-server/src/main/kotlin/com/red/server/stories/StoryModels.kt,3,16,50
arena/019ffece-pro-v1,RED_Ultimate_V1-main/RED_Ultimate/red-app/src/main/java/com/red/sovereign/features/dinstar/DinstarViewModel.kt,2,62,168
arena/019ffece-pro-v1,RED_Ultimate_V1-main/RED_Ultimate/red-app/src/main/java/com/red/sovereign/features/media/MediaGallery.kt,1,1,327
arena/01a0064f-pro-v1,RED_Ultimate_V1-main/RED_Ultimate/gradle/verification-metadata.xml,8610,10391,8619
arena/01a0064f-pro-v1,RED_Ultimate_V1-main/RED_Ultimate/red-app/src/main/java/com/red/sovereign/ui/RedDashboard.kt,3623,3961,3623
arena/01a0064f-pro-v1,RED_Ultimate_V1-main/RED_Ultimate/backend-server/src/main/kotlin/com/red/server/websocket/LiveStreamWebSocketHandler.kt,259,266,261
arena/01a0064f-pro-v1,RED_Ultimate_V1-main/RED_Ultimate/red-app/src/main/java/com/red/sovereign/core/RedConnectionService.kt,210,175,655
arena/01a0064f-pro-v1,RED_Ultimate_V1-main/RED_Ultimate/red-app/src/main/AndroidManifest.xml,115,160,117
arena/01a0064f-pro-v1,RED_Ultimate_V1-main/RED_Ultimate/backend-server/src/test/kotlin/com/red/server/websocket/LiveStreamWebSocketHandlerTest.kt,111,113,114
arena/01a0064f-pro-v1,RED_Ultimate_V1-main/RED_Ultimate/red-app/src/main/java/com/red/sovereign/core/RedWebSocketClient.kt,106,42,159
arena/01a0064f-pro-v1,RED_Ultimate_V1-main/RED_Ultimate/backend-server/src/main/kotlin/com/red/server/auth/security/JwtService.kt,95,99,95
arena/01a0064f-pro-v1,RED_Ultimate_V1-main/RED_Ultimate/backend-server/src/test/kotlin/com/red/server/LiveStreamServiceTest.kt,80,120,90
arena/01a0064f-pro-v1,RED_Ultimate_V1-main/RED_Ultimate/media-sfu/server.js,70,390,244
arena/01a0064f-pro-v1,RED_Ultimate_V1-main/RED_Ultimate/red-app/src/main/java/com/red/sovereign/MainActivity.kt,64,88,195
arena/01a0064f-pro-v1,RED_Ultimate_V1-main/RED_Ultimate/admin_dashboard/src/App.tsx,63,86,349
arena/01a0064f-pro-v1,RED_Ultimate_V1-main/RED_Ultimate/backend-server/src/main/kotlin/com/red/server/api/admin/RedMasterController.kt,56,264,56
arena/01a0064f-pro-v1,RED_Ultimate_V1-main/RED_Ultimate/backend-server/src/main/kotlin/com/red/server/services/DinstarApiService.kt,55,29,393
arena/01a0064f-pro-v1,RED_Ultimate_V1-main/RED_Ultimate/backend-server/src/main/kotlin/com/red/server/controllers/CdrAnalysisController.kt,52,57,68
arena/01a0064f-pro-v1,RED_Ultimate_V1-main/RED_Ultimate/backend-server/src/main/kotlin/com/red/server/websocket/ConferenceWebSocketHandler.kt,49,146,249
arena/01a0064f-pro-v1,RED_Ultimate_V1-main/RED_Ultimate/backend-server/src/main/kotlin/com/red/server/services/RedSecurityService.kt,45,31,66
arena/01a0064f-pro-v1,RED_Ultimate_V1-main/RED_Ultimate/backend-server/src/main/kotlin/com/red/server/websocket/WebSocketConfig.kt,41,79,69
arena/01a0064f-pro-v1,RED_Ultimate_V1-main/RED_Ultimate/docker-compose.yml,39,25,483
arena/01a0064f-pro-v1,RED_Ultimate_V1-main/RED_Ultimate/scripts/check-infrastructure.py,37,31,167
arena/01a0064f-pro-v1,RED_Ultimate_V1-main/RED_Ultimate/red-app/src/main/java/com/red/sovereign/calls/ConferenceService.kt,36,257,647
arena/01a0064f-pro-v1,RED_Ultimate_V1-main/RED_Ultimate/admin_dashboard/dev-server/app-routes.cjs,33,0,1314
arena/01a0064f-pro-v1,RED_Ultimate_V1-main/RED_Ultimate/backend-server/src/main/kotlin/com/red/server/calls/SfuTicketController.kt,32,43,95
arena/01a0064f-pro-v1,RED_Ultimate_V1-main/RED_Ultimate/backend-server/src/main/kotlin/com/red/server/websocket/RedMasterHandler.kt,30,85,182
arena/01a0064f-pro-v1,RED_Ultimate_V1-main/RED_Ultimate/red-app/src/main/java/com/red/sovereign/features/dinstar/DinstarWebSocketBridge.kt,26,18,122
arena/01a0064f-pro-v1,RED_Ultimate_V1-main/RED_Ultimate/admin_dashboard/src/pages/Dashboard.tsx,25,22,354
arena/01a0064f-pro-v1,RED_Ultimate_V1-main/RED_Ultimate/backend-server/src/main/kotlin/com/red/server/websocket/DinstarWebSocketHandler.kt,23,33,233
arena/01a0064f-pro-v1,RED_Ultimate_V1-main/RED_Ultimate/red-app/src/main/java/com/red/sovereign/calls/LiveStreamService.kt,23,117,612
arena/01a0064f-pro-v1,RED_Ultimate_V1-main/RED_Ultimate/backend-server/src/main/resources/application.yml,20,26,163
arena/01a0064f-pro-v1,RED_Ultimate_V1-main/RED_Ultimate/backend-server/src/test/kotlin/com/red/server/websocket/ConferenceWebSocketHandlerTest.kt,20,141,120
arena/01a0064f-pro-v1,RED_Ultimate_V1-main/RED_Ultimate/backend-server/src/main/kotlin/com/red/server/pstn/PstnCallService.kt,19,249,92
arena/01a0064f-pro-v1,RED_Ultimate_V1-main/RED_Ultimate/scripts/check-android-integrity.py,19,64,448
arena/01a0064f-pro-v1,RED_Ultimate_V1-main/RED_Ultimate/.env.example,18,33,76
arena/01a0064f-pro-v1,RED_Ultimate_V1-main/RED_Ultimate/backend-server/src/main/kotlin/com/red/server/calls/ConferenceController.kt,17,48,308
arena/01a0064f-pro-v1,RED_Ultimate_V1-main/RED_Ultimate/admin_dashboard/package-lock.json,17,7,2966
arena/01a0064f-pro-v1,RED_Ultimate_V1-main/RED_Ultimate/backend-server/src/main/kotlin/com/red/server/social/PostModels.kt,17,53,132
arena/01a0064f-pro-v1,RED_Ultimate_V1-main/RED_Ultimate/backend-server/src/main/kotlin/com/red/server/services/AdminUserIntelligenceService.kt,13,9,128
arena/01a0064f-pro-v1,RED_Ultimate_V1-main/RED_Ultimate/admin_dashboard/src/pages/CdrAnalysis.tsx,11,11,381
arena/01a0064f-pro-v1,RED_Ultimate_V1-main/RED_Ultimate/red-app/src/main/java/com/red/sovereign/calls/CallUiKit.kt,11,27,200
arena/01a0064f-pro-v1,RED_Ultimate_V1-main/RED_Ultimate/backend-server/src/main/kotlin/com/red/server/calls/LiveStreamService.kt,8,47,130
arena/01a0064f-pro-v1,RED_Ultimate_V1-main/RED_Ultimate/backend-server/src/main/kotlin/com/red/server/controllers/AdminController.kt,8,4,83
arena/01a0064f-pro-v1,RED_Ultimate_V1-main/RED_Ultimate/backend-server/src/main/kotlin/com/red/server/config/SecurityConfig.kt,6,24,176
arena/01a0064f-pro-v1,RED_Ultimate_V1-main/RED_Ultimate/backend-server/src/main/kotlin/com/red/server/controllers/AdminUserIntelligenceController.kt,4,8,46
arena/01a0064f-pro-v1,RED_Ultimate_V1-main/RED_Ultimate/backend-server/src/main/kotlin/com/red/server/stories/StoryModels.kt,3,16,50
arena/01a0064f-pro-v1,RED_Ultimate_V1-main/RED_Ultimate/red-app/src/main/java/com/red/sovereign/features/dinstar/DinstarViewModel.kt,2,62,168
arena/01a0064f-pro-v1,RED_Ultimate_V1-main/RED_Ultimate/red-app/src/main/java/com/red/sovereign/features/media/MediaGallery.kt,1,1,327
chore/platform-rebuild-baseline,RED_Ultimate_V1-main/RED_Ultimate/red-app/src/main/java/com/red/sovereign/ui/RedDashboard.kt,3355,3961,3355
chore/platform-rebuild-baseline,RED_Ultimate_V1-main/RED_Ultimate/backend-server/src/main/kotlin/com/red/server/pstn/DinstarLoadBalancer.kt,357,426,357
chore/platform-rebuild-baseline,RED_Ultimate_V1-main/RED_Ultimate/red-app/src/main/java/com/red/sovereign/calls/LiveStreamViewerOverlay.kt,321,398,565
chore/platform-rebuild-baseline,RED_Ultimate_V1-main/RED_Ultimate/red-app/src/main/java/com/red/sovereign/core/RedConnectionService.kt,289,226,683
chore/platform-rebuild-baseline,RED_Ultimate_V1-main/RED_Ultimate/backend-server/src/main/kotlin/com/red/server/websocket/LiveStreamWebSocketHandler.kt,249,266,251
chore/platform-rebuild-baseline,RED_Ultimate_V1-main/RED_Ultimate/red-app/src/main/java/com/red/sovereign/core/database/RedDao.kt,229,197,229
chore/platform-rebuild-baseline,docs/PLATFORM_BASELINE_AUDIT_2026-08-19_AR.md,200,0,429
chore/platform-rebuild-baseline,RED_Ultimate_V1-main/RED_Ultimate/red-app/build.gradle.kts,170,198,172
chore/platform-rebuild-baseline,RED_Ultimate_V1-main/RED_Ultimate/red-app/src/main/java/com/red/sovereign/core/database/LocalRepository.kt,166,189,166
chore/platform-rebuild-baseline,RED_Ultimate_V1-main/RED_Ultimate/backend-server/src/test/kotlin/com/red/server/websocket/LiveStreamWebSocketHandlerTest.kt,121,113,124
chore/platform-rebuild-baseline,RED_Ultimate_V1-main/RED_Ultimate/backend-server/src/main/kotlin/com/red/server/auth/AuthExceptionHandler.kt,102,98,102
chore/platform-rebuild-baseline,RED_Ultimate_V1-main/RED_Ultimate/backend-server/src/test/kotlin/com/red/server/LiveStreamServiceTest.kt,100,116,114
chore/platform-rebuild-baseline,RED_Ultimate_V1-main/RED_Ultimate/backend-server/src/main/kotlin/com/red/server/controllers/AdminDataOverviewController.kt,89,53,135
chore/platform-rebuild-baseline,RED_Ultimate_V1-main/RED_Ultimate/backend-server/src/main/kotlin/com/red/server/services/DinstarHardwareService.kt,74,278,695
chore/platform-rebuild-baseline,RED_Ultimate_V1-main/RED_Ultimate/backend-server/src/main/kotlin/com/red/server/pstn/PstnCallService.kt,68,235,155
chore/platform-rebuild-baseline,RED_Ultimate_V1-main/RED_Ultimate/red-app/src/main/java/com/red/sovereign/core/database/RedDatabase.kt,66,81,164
chore/platform-rebuild-baseline,RED_Ultimate_V1-main/RED_Ultimate/backend-server/src/test/kotlin/com/red/server/PstnCallServiceTest.kt,65,84,65
chore/platform-rebuild-baseline,RED_Ultimate_V1-main/RED_Ultimate/backend-server/src/main/kotlin/com/red/server/services/NotificationService.kt,63,180,268
chore/platform-rebuild-baseline,RED_Ultimate_V1-main/RED_Ultimate/backend-server/src/main/kotlin/com/red/server/controllers/DinstarSmsController.kt,61,129,111
chore/platform-rebuild-baseline,RED_Ultimate_V1-main/RED_Ultimate/red-app/src/main/java/com/red/sovereign/auth/AuthViewModel.kt,56,189,335
chore/platform-rebuild-baseline,RED_Ultimate_V1-main/RED_Ultimate/red-app/src/main/java/com/red/sovereign/calls/LiveStreamService.kt,55,124,637
chore/platform-rebuild-baseline,RED_Ultimate_V1-main/RED_Ultimate/backend-server/src/main/kotlin/com/red/server/services/DinstarConnectionFactory.kt,48,63,220
chore/platform-rebuild-baseline,RED_Ultimate_V1-main/RED_Ultimate/media-sfu/server.js,44,394,214
chore/platform-rebuild-baseline,RED_Ultimate_V1-main/RED_Ultimate/red-app/src/main/java/com/red/sovereign/core/database/Entities.kt,42,25,159
chore/platform-rebuild-baseline,RED_Ultimate_V1-main/RED_Ultimate/red-app/src/main/java/com/red/sovereign/auth/AuthorizedApiClient.kt,36,12,144
chore/platform-rebuild-baseline,RED_Ultimate_V1-main/RED_Ultimate/backend-server/src/main/kotlin/com/red/server/pstn/PstnManager.kt,28,313,112
chore/platform-rebuild-baseline,RED_Ultimate_V1-main/RED_Ultimate/red-app/src/main/java/com/red/sovereign/features/explore/RedExploreScreen.kt,28,31,438
chore/platform-rebuild-baseline,RED_Ultimate_V1-main/RED_Ultimate/backend-server/src/main/resources/application.yml,25,25,169
chore/platform-rebuild-baseline,RED_Ultimate_V1-main/RED_Ultimate/scripts/local-first-run.sh,25,5,195
chore/platform-rebuild-baseline,RED_Ultimate_V1-main/RED_Ultimate/admin_dashboard/src/pages/DataOverview.tsx,24,6,105
chore/platform-rebuild-baseline,RED_Ultimate_V1-main/RED_Ultimate/red-app/src/main/java/com/red/sovereign/security/SecurityHeaders.kt,24,23,99
chore/platform-rebuild-baseline,RED_Ultimate_V1-main/RED_Ultimate/README_AR.md,20,2,263
chore/platform-rebuild-baseline,RED_Ultimate_V1-main/RED_Ultimate/backend-server/src/test/kotlin/com/red/server/ContactBlockMediaGrantTest.kt,20,0,59
chore/platform-rebuild-baseline,RED_Ultimate_V1-main/RED_Ultimate/red-app/src/main/java/com/red/sovereign/ui/AuthScreens.kt,17,3,616
chore/platform-rebuild-baseline,RED_Ultimate_V1-main/RED_Ultimate/backend-server/src/main/kotlin/com/red/server/pstn/PstnCallController.kt,16,35,51
chore/platform-rebuild-baseline,RED_Ultimate_V1-main/RED_Ultimate/red-app/src/main/java/com/red/sovereign/core/LocalServerDiscovery.kt,13,71,208
chore/platform-rebuild-baseline,RED_Ultimate_V1-main/RED_Ultimate/backend-server/src/main/kotlin/com/red/server/auth/security/JwtHandshakeInterceptor.kt,13,0,96
chore/platform-rebuild-baseline,RED_Ultimate_V1-main/RED_Ultimate/scripts/local-first-run.ps1,12,4,202
chore/platform-rebuild-baseline,RED_Ultimate_V1-main/RED_Ultimate/backend-server/src/main/kotlin/com/red/server/websocket/DinstarWebSocketHandler.kt,11,63,191
chore/platform-rebuild-baseline,RED_Ultimate_V1-main/RED_Ultimate/docker-compose.yml,11,9,471
chore/platform-rebuild-baseline,RED_Ultimate_V1-main/RED_Ultimate/.env.example,11,34,68
chore/platform-rebuild-baseline,RED_Ultimate_V1-main/RED_Ultimate/backend-server/src/main/kotlin/com/red/server/calls/LiveStreamService.kt,10,45,134
chore/platform-rebuild-baseline,RED_Ultimate_V1-main/RED_Ultimate/backend-server/src/main/kotlin/com/red/server/auth/ContactService.kt,9,5,218
chore/platform-rebuild-baseline,RED_Ultimate_V1-main/RED_Ultimate/red-app/src/main/java/com/red/sovereign/core/RedWebSocketClient.kt,8,13,90
chore/platform-rebuild-baseline,RED_Ultimate_V1-main/RED_Ultimate/backend-server/src/main/kotlin/com/red/server/pstn/DinstarHeartbeatService.kt,8,48,89
chore/platform-rebuild-baseline,RED_Ultimate_V1-main/RED_Ultimate/backend-server/src/main/kotlin/com/red/server/auth/AuthController.kt,5,21,216
chore/platform-rebuild-baseline,RED_Ultimate_V1-main/Dockerfile,5,2,97
chore/platform-rebuild-baseline,RED_Ultimate_V1-main/RED_Ultimate/red-app/src/main/java/com/red/sovereign/contacts/DirectoryViewModel.kt,4,3,205
chore/platform-rebuild-baseline,RED_Ultimate_V1-main/RED_Ultimate/red-app/src/main/java/com/red/sovereign/auth/TokenStore.kt,3,8,37
chore/platform-rebuild-baseline,RED_Ultimate_V1-main/RED_Ultimate/media-sfu/package.json,2,1,17
chore/platform-rebuild-baseline,RED_Ultimate_V1-main/RED_Ultimate/backend-server/src/main/kotlin/com/red/server/services/DinstarFleetBootstrap.kt,1,55,48
chore/platform-rebuild-baseline,RED_Ultimate_V1-main/RED_Ultimate/media-sfu/Dockerfile,0,2,39
feature/uc2000-ve-sms-browser-audit,RED_Ultimate_V1-main/RED_Ultimate/admin_dashboard/src/pages/DinstarControl.tsx,727,793,727
feature/uc2000-ve-sms-browser-audit,RED_Ultimate_V1-main/RED_Ultimate/backend-server/src/main/resources/application.yml,19,24,164
feature/uc2000-ve-sms-browser-audit,RED_Ultimate_V1-main/RED_Ultimate/admin_dashboard/src/App.tsx,18,22,368
feature/uc2000-ve-sms-browser-audit,RED_Ultimate_V1-main/RED_Ultimate/todo.md,12,405,12
feature/uc2000-ve-sms-browser-audit,RED_Ultimate_V1-main/RED_Ultimate/docker-compose.lan.yml,4,4,26
feature/uc2000-ve-sms-browser-audit,RED_Ultimate_V1-main/RED_Ultimate/scripts/enable-dinstar-ready.ps1,3,3,123
feature/uc2000-ve-sms-browser-audit,RED_Ultimate_V1-main/RED_Ultimate/scripts/configure-windows-lan.ps1,2,2,46
feature/uc2000-ve-sms-browser-audit,RED_Ultimate_V1-main/RED_Ultimate/docker-compose.yml,0,3,466
