branch,path,bytes,lines
arena/019fe9e3-pro-v1,.env,741,24
arena/019fe9e3-pro-v1,.idea/modules.xml,266,7
arena/019fe9e3-pro-v1,RED_Ultimate_V1-main/RED_Ultimate/backend-server/gradle/verification-metadata.xml,188216,2977
arena/019fe9e3-pro-v1,RED_Ultimate_V1-main/RED_Ultimate/backend-server/src/main/resources/db/migration/V24__Sovereign_Ultimate_Capabilities_And_Performance_Indexes.sql,4180,78
arena/019fe9e3-pro-v1,RED_Ultimate_V1-main/RED_Ultimate/red-app/src/main/res/values/attrs_red.xml,114,4
arena/019ff019-pro-v1,RED_Ultimate_V1-main/RED_Ultimate/app-android/features/feature/stories/CameraCaptureScreen.kt,4483,94
arena/019ff019-pro-v1,RED_Ultimate_V1-main/RED_Ultimate/backend-server/src/main/resources/db/migration/V23__Sovereign_Ultimate_Capabilities_And_Performance_Indexes.sql,4180,78
arena/019ffe92-pro-v1,RED_Ultimate_V1-main/RED_Ultimate/backend-server/src/main/kotlin/com/red/server/controllers/LiveStreamPublicController.kt,2969,62
arena/019ffece-pro-v1,RED_Ultimate_V1-main/RED_Ultimate/backend-server/src/main/resources/db/migration/V31__Dinstar_Enhanced.sql,15788,305
arena/01a0064f-pro-v1,RED_Ultimate_V1-main/RED_Ultimate/backend-server/src/main/resources/db/migration/V31__Dinstar_Enhanced.sql,15788,305
chore/platform-rebuild-baseline,PLAN_DEEP_PROJECT_AUDIT_AND_HARDENING_AR.md,12263,91
chore/platform-rebuild-baseline,PRO_V1_COMPREHENSIVE_AUDIT_2026-08-19_AR.md,20385,126
chore/platform-rebuild-baseline,RED_Ultimate_V1-main/RED_Ultimate/backend-server/src/main/kotlin/com/red/server/auth/CsrfTokenValidator.kt,832,21
chore/platform-rebuild-baseline,RED_Ultimate_V1-main/RED_Ultimate/backend-server/src/main/kotlin/com/red/server/services/DinstarStatusSnapshotService.kt,5246,124
chore/platform-rebuild-baseline,RED_Ultimate_V1-main/RED_Ultimate/backend-server/src/main/resources/db/migration/V31__Persistent_Gateway_Port_Reservations.sql,754,14
chore/platform-rebuild-baseline,RED_Ultimate_V1-main/RED_Ultimate/backend-server/src/main/resources/db/migration/V32__Persistent_Pstn_Active_Calls.sql,666,14
chore/platform-rebuild-baseline,RED_Ultimate_V1-main/RED_Ultimate/backend-server/src/test/kotlin/com/red/server/auth/AuthExceptionHandlerTest.kt,2174,63
chore/platform-rebuild-baseline,RED_Ultimate_V1-main/RED_Ultimate/backend-server/src/test/kotlin/com/red/server/auth/CsrfTokenValidatorTest.kt,1112,28
chore/platform-rebuild-baseline,RED_Ultimate_V1-main/RED_Ultimate/backend-server/src/test/kotlin/com/red/server/controllers/AdminDataOverviewControllerTest.kt,1651,40
chore/platform-rebuild-baseline,RED_Ultimate_V1-main/RED_Ultimate/backend-server/src/test/kotlin/com/red/server/controllers/DinstarSmsRequestTest.kt,763,26
chore/platform-rebuild-baseline,RED_Ultimate_V1-main/RED_Ultimate/backend-server/src/test/kotlin/com/red/server/services/NotificationServiceSmsPolicyTest.kt,1299,29
chore/platform-rebuild-baseline,RED_Ultimate_V1-main/RED_Ultimate/media-sfu/protocol.js,797,23
chore/platform-rebuild-baseline,RED_Ultimate_V1-main/RED_Ultimate/media-sfu/protocol.test.js,839,18
chore/platform-rebuild-baseline,RED_Ultimate_V1-main/RED_Ultimate/red-app/src/main/java/com/red/sovereign/core/outbox/OutboxRetryWorker.kt,1944,48
chore/platform-rebuild-baseline,RED_Ultimate_V1-main/RED_Ultimate/red-app/src/main/java/com/red/sovereign/ui/dashboard/AudioSpaceDialog.kt,2468,52
chore/platform-rebuild-baseline,RED_Ultimate_V1-main/RED_Ultimate/red-app/src/main/java/com/red/sovereign/ui/dashboard/ConferenceJoinDialog.kt,1839,43
chore/platform-rebuild-baseline,RED_Ultimate_V1-main/RED_Ultimate/red-app/src/main/java/com/red/sovereign/ui/dashboard/CreateContentSheet.kt,5754,63
chore/platform-rebuild-baseline,RED_Ultimate_V1-main/RED_Ultimate/red-app/src/main/java/com/red/sovereign/ui/dashboard/DashboardBottomNavigation.kt,3060,68
chore/platform-rebuild-baseline,RED_Ultimate_V1-main/RED_Ultimate/red-app/src/main/java/com/red/sovereign/ui/dashboard/DashboardMoreScreen.kt,6376,122
chore/platform-rebuild-baseline,RED_Ultimate_V1-main/RED_Ultimate/red-app/src/main/java/com/red/sovereign/ui/dashboard/DashboardTopBar.kt,3922,95
chore/platform-rebuild-baseline,RED_Ultimate_V1-main/RED_Ultimate/red-app/src/main/java/com/red/sovereign/ui/dashboard/LiveStreamDialog.kt,5095,113
chore/platform-rebuild-baseline,RED_Ultimate_V1-main/RED_Ultimate/red-app/src/main/java/com/red/sovereign/ui/dashboard/NewPrivateCallDialog.kt,2153,50
chore/platform-rebuild-baseline,RED_Ultimate_V1-main/RED_Ultimate/red-app/src/test/java/com/red/sovereign/auth/AuthorizedApiClientRetryPolicyTest.kt,712,19
chore/platform-rebuild-baseline,RED_Ultimate_V1-main/RED_Ultimate/red-app/src/test/java/com/red/sovereign/security/LoggingInterceptorTest.kt,1473,41
chore/platform-rebuild-baseline,RED_Ultimate_V1-main/RED_Ultimate/scripts/check-flyway-migrations.sh,1299,43
feat/red-engineering-roadmap-20260820,docs/RED_ENGINEERING_ROADMAP_AR.md,15705,130
feature/uc2000-ve-sms-browser-audit,RED_Ultimate_V1-main/RED_Ultimate/admin_dashboard/src/pages/BrowserSettings.tsx,5660,77
feature/uc2000-ve-sms-browser-audit,RED_Ultimate_V1-main/RED_Ultimate/docs/AI_ORIGINAL_PROJECT_AUDIT_AR.md,4763,32
feature/uc2000-ve-sms-browser-audit,RED_Ultimate_V1-main/RED_Ultimate/docs/AI_REQUIREMENTS_MATRIX_AR.md,3607,17
feature/uc2000-ve-sms-browser-audit,RED_Ultimate_V1-main/RED_Ultimate/docs/UC2000_VE_DEVICE_AUDIT_AR.md,28557,193
feature/uc2000-ve-sms-browser-audit,RED_Ultimate_V1-main/RED_Ultimate/scripts/verify-dinstar-lan.ps1,3223,61
